Word,Count,Reading,JLPT Level,Meaning
する,78,スル,jlpt-n3,to do
ゐる,59,ヰル,unknown,unknown
下人,44,ゲニン,unknown,low-rank person
事,31,コト,jlpt-n3,thing
云,30,ウン,jlpt-n3,to say
つて,30,ツテ,unknown,means of making contact
老婆,28,ロウバ,unknown,old woman
上,27,ウエ,jlpt-n5,above
の,26,ノ,unknown,indicates possessive
やう,25,ヤウ,unknown,night rain
ふる,24,フル,jlpt-n5,"to fall (of rain, snow, ash, etc.)"
來,16,*,jlpt-n5,next year
いる,16,イル,jlpt-n5,to be (of animate objects)
門,16,モン,jlpt-n5,door (esp. Japanese-style)
ない,14,ナイ,unknown,nonexistent
雨,13,アメ,jlpt-n5,rain
屍骸,13,シガイ,unknown,(dead) body
それ,12,ソレ,jlpt-n3,that
なる,12,ナル,jlpt-n3,to become
ある,11,アル,jlpt-n3,to be
一,11,イチ,jlpt-n5,one
惡,11,*,jlpt-n1,evil
髮,11,*,jlpt-n4,hair (on the head)
男,11,オトコ,jlpt-n5,man
氣,10,*,jlpt-n4,spirit
何,10,ナニ,jlpt-n3,what
拔,10,*,unknown,unknown
見る,9,ミル,jlpt-n5,to see
つた,9,ツタ,unknown,"ivy (esp. Boston ivy, Parthenocissus tricuspidata)"
手,9,テ,jlpt-n5,hand
梯子,9,ハシゴ,jlpt-n2,ladder
さ,9,サ,jlpt-n3,difference
外,8,ソト,jlpt-n5,outside
死人,8,シニン,unknown,corpse
女,8,オンナ,jlpt-n5,female
れる,8,レル,unknown,"indicates passive voice (incl. the ""suffering passive"")"
火,8,ヒ,jlpt-n4,fire
中,8,ナカ,jlpt-n3,medium (size)
饑死,8,*,unknown,(death from) starvation
下,8,シタ,jlpt-n5,below
うい,8,ウイ,jlpt-n1,first
出る,8,デル,jlpt-n5,to leave
出す,8,ダス,jlpt-n5,to take out
つく,7,ツク,jlpt-n5,to arrive at
太刀,7,タチ,unknown,"long sword (esp. the tachi, worn on the hip edge down by samurai)"
時,7,トキ,jlpt-n3,time
毛,7,モウ,jlpt-n4,hair
前,7,マエ,jlpt-n1,last (i.e. immediately preceding)
羅生門,7,ラショウモン,unknown,Rashōmon (gate in old Kyoto)
自分,6,ジブン,jlpt-n5,myself
持つ,6,モツ,jlpt-n5,to hold (in one's hand)
かける,6,カケル,jlpt-n4,"to hang up (e.g. a coat, a picture on the wall)"
今,6,イマ,jlpt-n5,now
眼,6,メ,jlpt-n5,eye
聞く,6,キク,jlpt-n5,to hear
心,6,ココロ,jlpt-n4,mind
誰,5,ダレ,jlpt-n1,who
光,5,ヒカリ,jlpt-n4,light
盗人,5,ヌスビト,unknown,thief
人,5,ヒト,jlpt-n5,person
樓,5,*,unknown,tower
見える,5,ミエル,jlpt-n4,to be seen
右,5,ミギ,jlpt-n5,right
夜,5,ヨル,jlpt-n3,evening
選ぶ,5,エラブ,jlpt-n4,to choose
唯,5,タダ,jlpt-n3,ordinary
まつ,5,マツ,jlpt-n5,to wait
勇,5,イサム,unknown,bravery
さつき,5,サツキ,unknown,fifth month of the lunar calendar
聲,5,*,jlpt-n5,voice
段,5,ダン,jlpt-n3,step
鴉,5,カラス,unknown,crow (Corvus spp.)
行,5,クダリ,jlpt-n1,line (of text)
仕方,4,シカタ,jlpt-n4,way
體,4,*,unknown,classical form of martial art
やみ,4,ヤミ,jlpt-n1,darkness
通り,4,トオリ,jlpt-n3,avenue
行く,4,イク,jlpt-n1,to go
二,4,ニ,jlpt-n5,two
く,4,ク,jlpt-n3,section (i.e. of text)
四,4,ヨン,jlpt-n3,four
所,4,トコロ,jlpt-n5,place
これ,4,コレ,jlpt-n1,this
知れる,4,シレル,unknown,to become known
よい,4,ヨイ,jlpt-n3,good
丈,4,タケ,jlpt-n1,height
長い,4,ナガイ,jlpt-n2,"long (distance, length)"
己,4,オノレ,jlpt-n1,I
者,4,モノ,jlpt-n3,person
面皰,4,ニキビ,jlpt-n1,pimple
柱,4,ハシラ,jlpt-n1,pillar
頬,4,ホオ,jlpt-n3,cheek (of the face)
着物,4,キモノ,jlpt-n4,kimono
うし,4,ウシ,jlpt-n3,cattle (Bos taurus)
對,4,*,unknown,versus
賣る,4,ウル,unknown,unknown
思ふ,4,オモフ,unknown,unknown
眺める,3,ナガメル,jlpt-n3,to look at
當,3,*,unknown,type of bronze Chinese coin first issued under Emperor Yuan of the Southern Liang dynasty worth the value of ten iron coins
高い,3,タカイ,jlpt-n5,high
肩,3,カタ,jlpt-n3,shoulder
ちる,3,チル,jlpt-n2,"to fall (e.g. blossoms, leaves)"
ぢ,3,ヂ,unknown,hemorrhoids
つかむ,3,ツカム,jlpt-n3,to seize
あらう,3,アラ,jlpt-n5,to wash
猿,3,サル,jlpt-n3,"monkey (esp. the Japanese macaque, Macaca fuscata)"
主人,3,シュジン,unknown,head (of a household)
意識,3,イシキ,jlpt-n3,consciousness
松,3,マツ,jlpt-n3,pine tree (Pinus spp.)
足,3,アシ,jlpt-n5,foot
木片,3,モクヘン,unknown,block (of wood)
柄,3,エ,jlpt-n3,pattern
赤い,3,アカイ,jlpt-n5,red
喉,3,ノド,jlpt-n3,throat
一番,3,イチバン,jlpt-n3,number one
かう,3,カウ,jlpt-n5,to buy
人間,3,ニンゲン,jlpt-n3,human being
口,3,クチ,jlpt-n5,mouth
低い,3,ヒクイ,jlpt-n5,"low (rank, degree, value, content, quality, etc.)"
從,3,*,jlpt-n3,"to obey (an order, law, etc.)"
床,3,ユカ,jlpt-n3,floor
動かす,3,ウゴカス,jlpt-n3,to move
鼻,3,ハナ,jlpt-n5,nose
默,3,*,unknown,unknown
待つ,3,マツ,jlpt-n5,to wait
忘れる,3,ワスレル,jlpt-n5,to forget
憎い,3,ニクイ,jlpt-n2,hateful
佛,3,ホトケ,jlpt-n3,Buddha
廣,3,ヒロシ,jlpt-n3,advertisement
京都,3,キョウト,unknown,"Kyoto (city, prefecture)"
棄てる,3,ステル,jlpt-n4,to throw away
土,3,ド,jlpt-n3,earth
燃える,3,モエル,jlpt-n3,to burn
可,3,カ,jlpt-n3,acceptable
上る,3,ノボル,jlpt-n3,to ascend
三,3,サン,jlpt-n1,three
動く,3,ウゴク,jlpt-n4,to move
見開く,2,ミヒラク,unknown,to open (one's eyes) wide
考,2,コウ,unknown,thought
程,2,ホド,jlpt-n3,extent
殆,2,*,unknown,quite
間,2,マ,jlpt-n4,space (between)
音,2,オト,jlpt-n4,sound
滿,2,ミツル,jlpt-n3,satisfaction
的,2,テキ,jlpt-n1,-ical
夕闇,2,ユウヤミ,unknown,dusk
甍,2,イラカ,unknown,roof tile
底本,2,テイホン,unknown,original text
分の,2,ブンノ,unknown,-th (e.g. one fifth)
爲,2,*,jlpt-n4,good
手段,2,シュダン,jlpt-n3,means
つける,2,ツケル,jlpt-n3,to attach
肯定,2,コウテイ,jlpt-n2,affirmation
あつい,2,アツイ,jlpt-n5,hot (to the touch)
鞘,2,サヤ,unknown,scabbard
やつ,2,ヤツ,unknown,fellow
暗い,2,クライ,jlpt-n5,dark
唖,2,オシ,unknown,muteness
どこ,2,ドコ,jlpt-n1,where
考へる,2,カンガヘル,unknown,unknown
急,2,キュウ,jlpt-n4,sudden
奪,2,ダツ,jlpt-n3,to take (by force)
強い,2,ツヨイ,jlpt-n5,strong
挿す,2,サス,jlpt-n2,to insert
這,2,*,jlpt-n5,to enter
内,2,ウチ,jlpt-n4,inside
覗く,2,ノゾク,jlpt-n2,"to peek (through a keyhole, gap, etc.)"
掩,2,*,jlpt-n3,to cover
幾つ,2,イクツ,jlpt-n3,how many
數,2,*,unknown,several times
檜,2,ヒノキ,unknown,hinoki cypress (Chamaecyparis obtusa)
わかる,2,ワカル,jlpt-n2,to understand
げ,2,ゲ,unknown,seeming
裸,2,ハダカ,jlpt-n3,nakedness
皆,2,ミナ,jlpt-n4,everyone
はげしい,2,ハゲシイ,jlpt-n3,violent
兩手,2,*,unknown,unknown
部分,2,ブブン,jlpt-n3,portion
づゝ,2,*,unknown,unknown
本,2,ホン,jlpt-n5,book
頭,2,アタマ,jlpt-n5,head
喘ぐ,2,アエグ,unknown,to gasp
頸,2,*,jlpt-n4,neck
一つ,2,ヒトツ,jlpt-n5,one
め,2,メ,jlpt-n5,eye
そこ,2,ソコ,jlpt-n1,there (place relatively near listener)
腕,2,ウデ,jlpt-n4,arm
かす,2,カス,jlpt-n5,to lend
思,2,*,jlpt-n4,to think
幅,2,ハバ,jlpt-n3,width
之,2,コレ,jlpt-n1,this
こむ,2,コム,jlpt-n4,to be crowded
顏,2,*,unknown,face
聖,2,キヨシ,unknown,Saint
肌色,2,ハダイロ,unknown,flesh colour (of a Japanese person)
分,2,ブン,jlpt-n3,part
後,2,ノチ,jlpt-n3,after
息,2,イキ,jlpt-n3,breath
短い,2,ミジカイ,jlpt-n5,short
白,2,シロ,jlpt-n5,white
膿,2,ウミ,unknown,pus
飛ぶ,2,トブ,jlpt-n2,to fly
許す,2,ユルス,jlpt-n3,to permit
ともす,2,トモス,unknown,"to light (a candle, lamp, etc.)"
暫,2,*,jlpt-n4,for a moment
日,2,ヒ,jlpt-n3,Sunday
恐怖,2,キョウフ,jlpt-n3,fear
衰微,2,スイビ,unknown,decline
紺,2,コン,jlpt-n2,navy blue
剥ぐ,2,ハグ,jlpt-n1,to tear off
料,2,リョウ,jlpt-n1,fee
とつ,2,トツ,unknown,convex
重ねる,2,カサネル,jlpt-n2,to pile up
襖,2,フスマ,jlpt-n2,fusuma
書く,2,カク,jlpt-n5,to write
へる,2,ヘル,jlpt-n3,to decrease (in size or number)
丹,2,ニ,unknown,red earth (i.e. containing cinnabar or minium)
つぶやく,2,ツブヤク,jlpt-n1,to mutter
舊記,2,*,unknown,unknown
方,2,ホウ,jlpt-n3,direction
洛中,2,ラクチュウ,unknown,inside the capital
五,2,ゴ,jlpt-n5,five
暇,2,ヒマ,jlpt-n1,spare time
干る,2,ヒル,unknown,to dry (up)
魚,2,サカナ,jlpt-n3,fish
白い,2,シロイ,jlpt-n5,white
ひる,2,ヒル,jlpt-n5,noon
羽,2,ハネ,jlpt-n3,feather
はり,2,ハリ,jlpt-n3,needle
啼く,2,ナク,jlpt-n5,to make sound (of an animal)
處,2,*,jlpt-n5,place
つたの,2,ツタノ,unknown,Penepatella stellaeformis (species of limpet)
夕,2,ユウ,jlpt-n3,evening
缺,2,*,unknown,lack
帶,2,*,jlpt-n3,obi (kimono sash)
今日,2,キョウ,jlpt-n3,today
崩れ,2,クズレ,unknown,crumbling
死ぬ,2,シヌ,jlpt-n5,to die
棲む,2,スム,unknown,to live (of animals)
へた,2,ヘタ,jlpt-n5,unskillful
石段,2,イシダン,unknown,(flight of) stone steps
町,2,マチ,jlpt-n3,town
話,2,ハナシ,jlpt-n5,talk
くれる,2,クレル,jlpt-n4,to get dark
子,2,コ,jlpt-n4,child
圓,2,エン,jlpt-n3,yen (Japanese monetary unit)
はれる,2,ハレル,jlpt-n5,to clear up
蟋蟀,2,コオロギ,unknown,cricket (Gryllidae spp.)
使,2,シ,unknown,messenger
年,2,トシ,jlpt-n5,year
られる,2,ラレル,unknown,"indicates passive voice (incl. the ""suffering passive"")"
さうない,2,サウナイ,unknown,unknown
丹塗,2,ニヌリ,unknown,painting red
大路,2,オオジ,unknown,main street (esp. in a capital)
所々,2,トコロドコロ,jlpt-n2,here and there
朱雀,2,スジャク,unknown,Vermilion Bird (god said to rule over the southern heavens)
風,2,カゼ,jlpt-n5,wind
空,2,ソラ,jlpt-n5,sky
失望,2,シツボウ,jlpt-n3,disappointment
嘲る,1,アザケル,unknown,to scoff
合理,1,ゴウリ,jlpt-n2,rationality
完,1,カン,unknown,The End
勢,1,ゼイ,jlpt-n3,force
念,1,ネン,jlpt-n1,sense
押す,1,オス,jlpt-n5,to push
追,1,ツイ,jlpt-n3,to catch up (with)
憎む,1,ニクム,jlpt-n2,to hate
強盗,1,ゴウトウ,jlpt-n3,robber
一足,1,イッソク,unknown,a pair (of shoes or socks)
冐,1,*,unknown,unknown
たる,1,タル,jlpt-n2,to be sufficient
不意,1,フイ,jlpt-n1,sudden
未練,1,ミレン,jlpt-n1,lingering attachment
きつい,1,キツイ,jlpt-n3,tough
たより,1,タヨリ,jlpt-n3,news
善,1,ゼン,jlpt-n3,good
何れ,1,イズレ,jlpt-n3,which (of three or more)
一目,1,イチモク,jlpt-n1,glance
生まれる,1,ウマレル,jlpt-n5,to be born
驚く,1,オドロク,jlpt-n4,to be surprised
捕る,1,トル,jlpt-n2,"to catch (a wild animal, fish, insect, baseball, etc.)"
反,1,ハン,unknown,anti-
る,1,ル,unknown,verb-forming suffix
歩む,1,アユム,jlpt-n1,to walk
急ぐ,1,イソグ,jlpt-n4,to hurry
大股,1,オオマタ,unknown,spreading one's legs wide apart
方向,1,ホウコウ,jlpt-n3,direction
入れる,1,イレル,jlpt-n5,to put in
迷,1,*,jlpt-n2,superstition
力,1,チカラ,jlpt-n4,force
兩足,1,*,unknown,unknown
働き,1,ハタラキ,jlpt-n3,work
ら,1,ラ,unknown,pluralizing suffix
心もち,1,ココロモチ,unknown,feeling
離す,1,ハナス,jlpt-n3,to separate
片づける,1,カタヅケル,jlpt-n4,to tidy up
知る,1,シル,jlpt-n5,to know
問題,1,モンダイ,jlpt-n5,question (e.g. on a test)
洞,1,ホラ,unknown,hollow
歩,1,フ,jlpt-n1,walking
覗き,1,ノゾキ,unknown,peep
づつ,1,*,unknown,apiece
わき,1,ワキ,jlpt-n3,armpit
きはじめる,1,キハジメル,unknown,to come for the first time
くい,1,クイ,unknown,regret
底,1,ソコ,jlpt-n3,bottom
下りる,1,オリル,jlpt-n4,to descend (e.g. a mountain)
身の毛,1,ミノケ,unknown,body hair
とる,1,トル,jlpt-n5,to take
虱,1,シラミ,unknown,louse (esp. a sucking louse)
太る,1,フトル,jlpt-n4,to put on weight
倒れる,1,タオレル,jlpt-n4,"to fall (over, down)"
親,1,オヤ,jlpt-n4,parent
感じる,1,カンジル,jlpt-n3,to feel
首,1,クビ,jlpt-n4,neck
起す,1,オコス,jlpt-n4,to raise
倒,1,*,jlpt-n2,inverted
うめく,1,ウメク,unknown,to moan
立てる,1,タテル,jlpt-n4,to stand up
消える,1,キエル,jlpt-n5,to disappear
僅,1,*,jlpt-n3,a little
襟,1,エリ,jlpt-n1,collar
蹴倒す,1,ケタオス,unknown,to kick over
持出す,1,モチダス,unknown,to take out
板の間,1,イタノマ,unknown,wooden floor
引剥,1,*,unknown,to tear off
暫時,1,ザンジ,unknown,short while
呼吸,1,コキュウ,jlpt-n3,breathing
誰か,1,ダレ,jlpt-n3,someone
増す,1,マス,jlpt-n3,to increase
恨む,1,ウラム,jlpt-n2,to bear a grudge against
すばやい,1,スバヤイ,jlpt-n1,quick
毎,1,マイ,unknown,"every (usu. with events, e.g. every weekend)"
記者,1,キシャ,jlpt-n3,reporter
語,1,カタリ,jlpt-n3,word
黒,1,クロ,jlpt-n5,black
反感,1,ハンカン,jlpt-n1,antipathy
借りる,1,カリル,jlpt-n5,to borrow
寧,1,ヤスシ,jlpt-n3,rather
弩,1,イシユミ,unknown,crossbow (incl. large models operated by a number of people)
しがみつく,1,シガミツク,unknown,to cling
手荒い,1,テアライ,unknown,violent
語弊,1,ゴヘイ,unknown,faulty statement
耳,1,ミミ,jlpt-n5,ear
冷然,1,レイゼン,unknown,cold (attitude)
役人,1,ヤクニン,jlpt-n2,government official
冷,1,ヒヤ,unknown,cold water
檢非違,1,*,unknown,illegality
侮蔑,1,ブベツ,unknown,scorn
氣色,1,*,unknown,unknown
柔,1,ヤワラ,unknown,softness
先方,1,センポウ,unknown,other party
通じる,1,ツウジル,jlpt-n3,to be open (to traffic)
片手,1,カタテ,unknown,one hand
見下す,1,ミクダス,unknown,to look down (on)
得意,1,トクイ,jlpt-n3,satisfaction
安らか,1,ヤスラカ,unknown,peaceful
成就,1,ジョウジュ,unknown,fulfillment
蟇,1,ヒキガエル,unknown,"toad (esp. the Japanese toad, Bufo japonicus)"
仕事,1,シゴト,jlpt-n5,work
殘,1,*,unknown,unknown
冷ます,1,サマス,jlpt-n2,to cool (e.g. from a high temperature to room temperature)
口ごもる,1,クチゴモル,unknown,to hesitate to say
支配,1,シハイ,jlpt-n3,rule
成,1,シゲル,jlpt-n3,to become
多く,1,オオク,unknown,many
意志,1,イシ,jlpt-n3,will
生死,1,セイシ,jlpt-n1,life and death
明白,1,メイハク,unknown,obvious
廳,1,*,unknown,unknown
今し方,1,イマシガタ,unknown,a moment ago
始める,1,ハジメル,jlpt-n4,to start
旅,1,タビ,jlpt-n3,travel
尖る,1,トガル,jlpt-n2,to taper to a point
鬘,1,カツラ,unknown,wig
細い,1,ホソイ,jlpt-n5,thin
噛む,1,カム,jlpt-n4,to bite
物,1,モノ,jlpt-n5,thing
唇,1,クチビル,jlpt-n2,lip
なつ,1,ナツ,jlpt-n5,summer
思う,1,オモウ,jlpt-n4,to think
皺,1,シワ,jlpt-n1,wrinkle
鋭い,1,スルドイ,jlpt-n3,"sharp (knife, claws, etc.)"
鳥,1,トリ,jlpt-n5,bird
肉食,1,ニクショク,unknown,meat eating
見守る,1,ミマモル,unknown,to watch over
答,1,コタエ,jlpt-n4,answer
好奇,1,コウキ,unknown,inquisitiveness
大きい,1,オオキイ,jlpt-n5,big
いい,1,イイ,jlpt-n3,good
話す,1,ハナス,jlpt-n5,to talk
平凡,1,ヘイボン,jlpt-n2,ordinary
居る,1,オル,jlpt-n5,to be (of animate objects)
今時分,1,イマジブン,unknown,about this time
繩,1,*,unknown,stretching a rope around
お前,1,オマエ,jlpt-n3,you
位,1,クライ,jlpt-n3,throne
蛇,1,ヘビ,unknown,snake
弾く,1,ヒク,jlpt-n5,to play (a stringed or keyboard instrument)
合,1,ゴウ,unknown,gō
たち,1,タチ,unknown,pluralizing suffix (esp. for people and animals; formerly honorific)
菜,1,サイ,unknown,side dish
買,1,ガイ,jlpt-n5,shopping
無言,1,ムゴン,jlpt-n1,silence (not speaking)
なくす,1,ナクス,jlpt-n2,to lose (something)
知,1,チ,unknown,wisdom
押し,1,オシ,unknown,push
大,1,ダイ,unknown,large
意味,1,イミ,jlpt-n5,meaning
行かす,1,イカス,unknown,unknown
のける,1,ノケル,jlpt-n2,to put something out of the way
罵る,1,ノノシル,jlpt-n1,to abuse (verbally)
塞ぐ,1,フサグ,jlpt-n2,to stop up
傳,1,ツトウ,unknown,handing down (information)
行手,1,ユクテ,unknown,someone who is going
左,1,ヒダリ,jlpt-n5,left
お,1,オ,jlpt-n1,tail (of an animal)
逃げる,1,ニゲル,jlpt-n4,to run away
ふためく,1,フタメク,unknown,to make a commotion
慌てる,1,アワテル,jlpt-n2,"to become confused (disconcerted, disorganized, disorganised)"
づく,1,ヅク,unknown,"to become (a state, condition, etc.)"
つま,1,ツマ,jlpt-n4,wife
おのれ,1,オノレ,unknown,"oneself (itself, etc.)"
味,1,アジ,jlpt-n4,flavor
勝敗,1,ショウハイ,jlpt-n2,victory or defeat
寸,1,スン,unknown,sun (approx. 3.03 cm)
はじめ,1,ハジメ,jlpt-n1,beginning
づゝに,1,*,unknown,unknown
執拗,1,シツヨウ,unknown,persistent
眼球,1,ガンキュウ,jlpt-n1,eyeball
切る,1,キル,jlpt-n5,to cut
せる,1,セル,unknown,cell
ふるふ,1,フルフ,unknown,old clothes
つきつける,1,ツキツケル,unknown,to thrust (at someone)
色,1,イロ,jlpt-n5,colour
切,1,セツ,jlpt-n1,end
鋼,1,ハガネ,unknown,steel
拂,1,*,unknown,unknown
干す,1,ホス,jlpt-n2,to air
陣,1,ジン,unknown,battle formation
放す,1,ホカス,jlpt-n3,to release
皮,1,カワ,jlpt-n3,skin
骨,1,ホネ,jlpt-n3,bone
脚,1,アシ,jlpt-n5,foot
鷄,1,*,unknown,chicken (Gallus gallus domesticus)
倒す,1,タオス,jlpt-n3,to throw down
疫病,1,ヤクビョウ,unknown,epidemic
無理,1,ムリ,jlpt-n4,unreasonable
しれる,1,シレル,unknown,to become known
わかつ,1,ワ,unknown,to divide
おさめる,1,オサメル,jlpt-n3,to put (into)
ぬらす,1,ヌラス,jlpt-n2,to wet
六,1,ロク,jlpt-n1,six
作者,1,サクシャ,jlpt-n2,creator (of a work)
餘波,1,*,unknown,unknown
永年,1,エイネン,unknown,long time
都,1,ト,jlpt-n3,"capital (esp. Kyoto, Japan's former capital)"
當時京,1,*,jlpt-n3,"capital (esp. Kyoto, Japan's former capital)"
筈,1,ハズ,jlpt-n4,should (be)
歸,1,*,jlpt-n5,to return
家,1,イエ,jlpt-n5,house
ふだん,1,フダン,jlpt-n3,usual
よう,1,ヨウ,jlpt-n3,appearing ...
どうし,1,ドウ,jlpt-n3,verb
格別,1,カクベツ,jlpt-n2,particular
やむ,1,ヤム,jlpt-n4,to cease
ゑて,1,*,unknown,unknown
途方,1,トホウ,unknown,way
据,1,*,jlpt-n5,to sit
尻,1,シリ,jlpt-n3,buttocks
ひざ,1,ヒザ,jlpt-n3,knee
洗,1,アライ,unknown,washing machine
七,1,ナナ,jlpt-n3,seven
こびりつく,1,コビリツク,unknown,to stick to
點々,1,*,unknown,unknown
糞,1,クソ,unknown,damn
草,1,クサ,jlpt-n4,grass
目,1,メ,jlpt-n5,eye
いせる,1,イセル,unknown,to ease (sewing garments)
遲,1,*,jlpt-n5,slow
ふりこめる,1,フリコメル,unknown,"to rain (or snow), keeping people indoors"
適,1,テキ,jlpt-n3,by chance
雲,1,クモ,jlpt-n4,cloud
暮し,1,クラシ,jlpt-n3,(way of) life
重たい,1,オモタイ,jlpt-n2,heavy
先,1,サキ,jlpt-n5,point
薨,1,*,unknown,"death (of a nobleman, etc.)"
［＃「,1,［,unknown,unknown
斜,1,ハス,jlpt-n2,slanting
屋根,1,ヤネ,jlpt-n3,roof
見上げる,1,ミアゲル,unknown,to look up at
あつめる,1,アツメル,jlpt-n4,to collect
ざあつと,1,*,unknown,unknown
遠く,1,トオク,jlpt-n4,far away
たどる,1,タドル,jlpt-n1,"to follow (a road, path, etc.)"
とりとめる,1,トリトメル,unknown,to narrowly escape (e.g. death)
明日,1,アシタ,jlpt-n4,tomorrow
模,1,モ,unknown,wooden printing block
差,1,サ,jlpt-n3,difference
措く,1,オク,unknown,to stop (doing something)
けしき,1,ケシキ,jlpt-n4,scenery
未,1,ミ,unknown,not yet
下り,1,クダリ,jlpt-n3,down-train
刻,1,コク,jlpt-n3,time
申,1,サル,unknown,the Monkey (ninth sign of the Chinese zodiac)
影響,1,エイキョウ,jlpt-n3,influence
Sentimentalisme,1,*,unknown,unknown
平安朝,1,ヘイアンチョウ,unknown,Heian period (794-1185)
少い,1,スクナイ,jlpt-n5,few
樣,1,*,unknown,unknown
刻限,1,コクゲン,unknown,time
啄む,1,ツイバム,unknown,to pick at
肉,1,ニク,jlpt-n5,flesh
さびれる,1,サビレル,unknown,to decline (in prosperity)
始末,1,シマツ,jlpt-n1,management
薪,1,タキギ,unknown,piece(s) of firewood (esp. chopped or split from logs)
つむ,1,ツム,jlpt-n2,to pile up
ば,1,バ,jlpt-n3,place
路,1,ミチ,jlpt-n5,road
木,1,キ,jlpt-n5,tree
箔,1,ハク,unknown,foil
金銀,1,キンギン,unknown,gold and silver
打砕く,1,ウチクダク,unknown,unknown
具,1,グ,jlpt-n4,wife
像,1,ゾウ,jlpt-n1,image
よる,1,ヨル,jlpt-n3,evening
起つ,1,タツ,unknown,to take action
きり,1,キリ,jlpt-n3,fog
災,1,ワザワイ,jlpt-n1,calamity
饑饉,1,キキン,jlpt-n2,famine
火事,1,カジ,jlpt-n4,fire
辻,1,ツジ,unknown,crossroads
地震,1,ジシン,jlpt-n4,earthquake
もの,1,モノ,jlpt-n5,thing
揉烏帽,1,*,unknown,"soft, crumpled, unlacquered headwear (often worn by soldiers under their helmets from the Kamakura period onward)"
笠,1,カサ,unknown,conical hat (East-Asian style)
市,1,シ,jlpt-n4,city
以上,1,イジョウ,jlpt-n4,not less than ...
匹,1,ヒキ,jlpt-n1,counter for small animals
剥げる,1,ハゲル,jlpt-n1,to peel off
修理,1,シュウリ,jlpt-n3,repair
元,1,モト,jlpt-n3,origin
捨てる,1,ステル,jlpt-n4,to throw away
顧,1,*,jlpt-n1,to look back on (the past)
はつ,1,ハツ,jlpt-n1,departure
まく,1,マク,jlpt-n3,curtain
胡麻,1,ゴマ,unknown,sesame seeds
あかい,1,アカイ,jlpt-n5,red
燒,1,*,unknown,shumai
上の空,1,ウワノソラ,unknown,inattention
びまはつてゐる,1,*,unknown,unknown
飛,1,ヒ,unknown,rook
鴟尾,1,シビ,unknown,ornamental ridge-end tile
描く,1,エガク,jlpt-n3,to draw
輪,1,ワ,jlpt-n3,ring
晝間見,1,*,unknown,unknown
集,1,シュウ,unknown,collection
たくさん,1,タクサン,jlpt-n1,a lot
代り,1,カワリ,jlpt-n4,substitute
しま,1,シマ,jlpt-n4,island
足ぶみ,1,アシブミ,unknown,stepping (in place)
近所,1,キンジョ,jlpt-n4,neighbourhood
氣味,1,*,unknown,unknown
日の目,1,ヒノメ,unknown,sunlight
習慣,1,シュウカン,jlpt-n4,habit
引取,1,*,unknown,taking
まひ,1,マヒ,jlpt-n1,paralysis
狐狸,1,コリ,unknown,foxes and tanuki
荒れ果てる,1,アレハテル,unknown,to fall into ruin
うすい,1,ウスイ,jlpt-n5,thin
支,1,*,unknown,China
髮頭,1,*,unknown,unknown
ゆれる,1,ユレル,jlpt-n4,to shake
狹,1,*,unknown,unknown
圍,1,*,unknown,unknown
範,1,ハン,unknown,example
及ぶ,1,オヨブ,jlpt-n1,to reach
無造作,1,ム,unknown,easy
噂,1,ウワサ,jlpt-n3,rumour
つめる,1,ツメル,jlpt-n3,to stuff into
上り,1,ノボリ,jlpt-n2,ascent
ぬすむ,1,ヌスム,jlpt-n4,to steal
足音,1,アシオト,unknown,sound of footsteps
守宮,1,ヤモリ,unknown,gecko
映る,1,ウツル,jlpt-n2,to be reflected
裏,1,ウラ,jlpt-n4,opposite side
着る,1,キル,jlpt-n5,to wear (from the shoulders down)
天井,1,テンジョウ,jlpt-n1,ceiling
巣,1,ス,jlpt-n3,nest
蜘蛛,1,クモ,unknown,spider
隅々,1,スミ,unknown,every corner
黄いろい,1,キイロイ,jlpt-n5,yellow
濁る,1,ニゴル,jlpt-n2,to become muddy
其處此,1,*,jlpt-n1,this
とぼしい,1,トボシイ,jlpt-n1,meagre
括る,1,ククル,unknown,to tie up
高,1,コウ,jlpt-n1,quantity
始め,1,ハジメ,jlpt-n1,beginning
鬚,1,ヒゲ,jlpt-n4,moustache
おぼろ,1,オボロ,unknown,hazy
甞,1,*,jlpt-n1,to lick
遑,1,*,jlpt-n1,spare time
それら,1,ソレラ,unknown,those (near the second person)
痩せる,1,ヤセル,jlpt-n4,to become thin
背,1,セ,jlpt-n5,back
著い,1,シルイ,jlpt-n1,well-known
蹲,1,ツクバイ,unknown,stone wash basin found in Japanese gardens
其屍骸,1,*,jlpt-n2,shell
嗅覺,1,*,unknown,unknown
殆悉,1,*,unknown,unknown
感情,1,カンジョウ,jlpt-n3,emotion
瞬間,1,シュンカン,jlpt-n3,moment
次,1,ツギ,jlpt-n5,next
臭い,1,クサイ,jlpt-n3,stinking
腐爛,1,フラン,unknown,decomposition
永久,1,エイキュウ,jlpt-n3,eternity
生きる,1,イキル,jlpt-n4,to live
影,1,カゲ,jlpt-n3,shadow
うける,1,ウケル,jlpt-n4,to receive
ぼんやり,1,ボンヤリ,jlpt-n3,dimly
胸,1,ムネ,jlpt-n3,chest
ころ,1,コロ,jlpt-n3,(approximate) time
延ばす,1,ノバス,jlpt-n3,"to grow long (e.g. hair, nails)"
開く,1,ヒラク,jlpt-n4,to open
人形,1,ニンギョウ,jlpt-n4,doll
造,1,ミヤツコ,jlpt-n2,to make
捏ねる,1,コネル,unknown,to knead
疑る,1,ウタグル,unknown,to doubt
實,1,ミノル,jlpt-n3,indeed
暮方,1,クレガタ,unknown,evening
かすか,1,カスカ,jlpt-n1,faint
さす,1,サス,jlpt-n5,to shine
當然,1,*,unknown,unknown
吹く,1,フク,jlpt-n5,to blow (of the wind)
遠慮ない,1,エンリョナイ,unknown,unreserved
寒い,1,サムイ,jlpt-n5,cold (e.g. weather)
欲しい,1,ホシイ,jlpt-n5,wanting (to have)
火桶,1,ヒオケ,unknown,wooden brazier
冷え,1,ヒエ,unknown,chilliness
立,1,タツ,jlpt-n2,to stand (up)
うに,1,ウニ,unknown,sea urchin
大儀,1,タイギ,unknown,state ceremony
嚏,1,*,jlpt-n2,sneeze
積極,1,セッキョク,unknown,active
その後,1,ソノゴ,unknown,after that
かた,1,カタ,jlpt-n3,shoulder
窺,1,*,jlpt-n2,"to peek (through a keyhole, gap, etc.)"
結局,1,ケッキョク,jlpt-n3,after all
たつ,1,タツ,jlpt-n2,to stand (up)
何時,1,イツ,jlpt-n1,when
逢着,1,ホウチャク,unknown,encountering
局所,1,キョクショ,unknown,part
揚句,1,アゲク,unknown,after (a long process)
低徊,1,テイカイ,unknown,pacing back and forth meditatively
道,1,ミチ,jlpt-n5,road
度,1,ド,jlpt-n3,"degree (angle, temperature, scale, etc.)"
しまふ,1,シマフ,unknown,Blakiston's fish owl (Bubo blakistoni)
犬,1,イヌ,jlpt-n5,dog (Canis (lupus) familiaris)
道ばた,1,ミチバタ,unknown,roadside
ぬける,1,ヌケル,jlpt-n3,to come out
山吹,1,ヤマブキ,unknown,kerria (Kerria japonica)
汗,1,アセ,jlpt-n3,sweat
衫,1,*,unknown,unknown
容子,1,ヨウス,jlpt-n3,state (of affairs)
殺す,1,コロス,jlpt-n3,to kill
身,1,ミ,jlpt-n3,one's body
猫,1,ネコ,jlpt-n5,"cat (esp. the domestic cat, Felis catus)"
中段,1,チュウダン,unknown,half-way up a slope or stairway
ふむ,1,フム,jlpt-n4,to step on
はく,1,ハク,jlpt-n3,"to put on (lower-body clothing, e.g. pants, skirt, footwear)"
草履,1,ゾウリ,jlpt-n2,zori
藁,1,ワラ,jlpt-n1,straw
鞘走る,1,サヤバシル,unknown,to slip out of one's scabbard (of swords)
さげる,1,サゲル,jlpt-n4,to hang
腰,1,コシ,jlpt-n3,lower back
塗,1,ヌリ,unknown,coating (esp. lacquering)
幸,1,コウ,unknown,good luck
あか,1,アカ,jlpt-n5,red
ルビ,1,ルビ,unknown,ruby
［＃,1,［,unknown,unknown
明,1,アキラ,unknown,vidya (wisdom)
ねる,1,ネル,jlpt-n5,to sleep (lying down)
樂,1,*,unknown,paradise
晩,1,バン,jlpt-n5,evening
惧,1,*,jlpt-n3,to fear
人目,1,ヒトメ,jlpt-n1,(public) notice
患,1,*,jlpt-n3,patient
雨風,1,アメカゼ,unknown,rain and wind
九月,1,クガツ,unknown,September
